{
	"class_name" : "PinholeCameraParameters",
	"extrinsic" : 
	[
		0.98881509499204046,
		-0.016615624462837108,
		-0.14821818019255287,
		0.0,
		0.014261460612028314,
		-0.97868810871874712,
		0.20485652685168113,
		0.0,
		-0.14846318956931268,
		-0.20467903379738714,
		-0.96750461211648731,
		0.0,
		13.335968459290498,
		4.6632357126184214,
		86.482403849055942,
		1.0
	],
	"intrinsic" : 
	{
		"height" : 1055,
		"intrinsic_matrix" : 
		[
			913.65680099258282,
			0.0,
			0.0,
			0.0,
			913.65680099258282,
			0.0,
			959.5,
			527.0,
			1.0
		],
		"width" : 1920
	},
	"version_major" : 1,
	"version_minor" : 0
}