{"bounding_boxes": [{"track_id": 81, "object_id": "flatbed-truck", "box_type": "cuboid", "center": {"x": -31.33930015563965, "y": 9.14039134979248, "z": 2.2265686988830566}, "angle": -1.6909021139144897, "width": 5.316040992736816, "length": 1.9750890731811523, "height": 1.8046830892562866}]}