{"bounding_boxes": [{"track_id": 153, "object_id": "coachbus", "box_type": "cuboid", "center": {"x": -11.450006484985352, "y": 21.192886352539062, "z": 3.2682151794433594}, "angle": -3.0258517265319824, "width": 11.91404914855957, "length": 2.78711199760437, "height": 3.6184418201446533}, {"track_id": 154, "object_id": "cargo-one-box", "box_type": "cuboid", "center": {"x": -8.736407279968262, "y": -1.6526371240615845, "z": 2.4236366748809814}, "angle": 0.5884977579116821, "width": 4.430362701416016, "length": 1.795197606086731, "height": 2.0074586868286133}, {"track_id": 292, "object_id": "dontcare", "box_type": "cuboid", "center": {"x": 2.996987819671631, "y": -3.390425443649292, "z": 2.9821648597717285}, "angle": -0.04700460284948349, "width": 7.443350315093994, "length": 2.40500545501709, "height": 3.1531012058258057}]}