{
	"class_name" : "PinholeCameraParameters",
	"extrinsic" : 
	[
		-0.3357217400659338,
		-0.91544797954237733,
		0.22191419512703728,
		0.0,
		-0.88826724584224181,
		0.22927065263494262,
		-0.39801541151591852,
		0.0,
		0.31348399195324161,
		-0.33074153744597412,
		-0.89013359794860758,
		0.0,
		-3.4015848404549605,
		-8.9869700313977052,
		50.397179360679694,
		1.0
	],
	"intrinsic" : 
	{
		"height" : 1055,
		"intrinsic_matrix" : 
		[
			913.65680099258282,
			0.0,
			0.0,
			0.0,
			913.65680099258282,
			0.0,
			959.5,
			527.0,
			1.0
		],
		"width" : 1920
	},
	"version_major" : 1,
	"version_minor" : 0
}