,width,length,height,z,yaw
,mean,mean,mean,mean,
0,0.56721221,0.621124904,1.629531391,2.178802863,0
1,1.996467901,0.812183731,1.688025418,2.246538056,0
2,4.953740656,1.911859431,1.816682363,2.273861895,0
3,7.432598972,2.364790972,2.928935811,2.875952698,0
4,0.56721221,0.621124904,1.629531391,2.178802863,1.5708
5,1.996467901,0.812183731,1.688025418,2.246538056,1.5708
6,4.953740656,1.911859431,1.816682363,2.273861895,1.5708
7,7.432598972,2.364790972,2.928935811,2.875952698,1.5708
