,width,length,height,z,yaw
,mean,mean,mean,mean,
0,1.281840056,0.716654318,1.658778405,2.21267046,0
1,4.953740656,1.911859431,1.816682363,2.273861895,0
2,7.432598972,2.364790972,2.928935811,2.875952698,0
3,1.281840056,0.716654318,1.658778405,2.21267046,1.5708
4,4.953740656,1.911859431,1.816682363,2.273861895,1.5708
5,7.432598972,2.364790972,2.928935811,2.875952698,1.5708
