{"bounding_boxes": [{"track_id": 466, "object_id": "dd", "box_type": "cuboid", "center": {"x": 7.323368072509766, "y": -11.863381385803223, "z": 3.432014226913452}, "angle": -2.3174028396606445, "width": 10.68400764465332, "length": 2.951815366744995, "height": 4.550236225128174}]}