{"bounding_boxes": [{"track_id": 40, "object_id": "taxi", "box_type": "cuboid", "center": {"x": -11.471532821655273, "y": -3.017965316772461, "z": 2.3564016819000244}, "angle": -0.10097022354602814, "width": 4.404667377471924, "length": 1.7660269737243652, "height": 1.8508647680282593}, {"track_id": 45, "object_id": "pedestrian", "box_type": "cuboid", "center": {"x": -1.4611817598342896, "y": -8.557205200195312, "z": 2.3082451820373535}, "angle": 1.1248159408569336, "width": 0.3849562108516693, "length": 0.5799376368522644, "height": 1.5689998865127563}, {"track_id": 47, "object_id": "pedestrian", "box_type": "cuboid", "center": {"x": 0.03563554584980011, "y": -6.660925388336182, "z": 2.233713150024414}, "angle": -0.9010940790176392, "width": 0.42857393622398376, "length": 0.621781587600708, "height": 1.5355781316757202}]}