{"bounding_boxes": [{"track_id": 652, "object_id": "two-box", "box_type": "cuboid", "center": {"x": -12.947010040283203, "y": -2.633251905441284, "z": 2.2408502101898193}, "angle": -0.14885428547859192, "width": 4.297515869140625, "length": 1.9608744382858276, "height": 1.616865634918213}, {"track_id": 769, "object_id": "dontcare", "box_type": "cuboid", "center": {"x": 16.011249542236328, "y": -4.405129432678223, "z": 2.374405860900879}, "angle": -0.06836701929569244, "width": 7.3972601890563965, "length": 2.535615921020508, "height": 3.1005818843841553}]}