{"bounding_boxes": [{"track_id": 405, "object_id": "dd", "box_type": "cuboid", "center": {"x": 12.34473991394043, "y": -9.879114151000977, "z": 3.1598618030548096}, "angle": 0.6017533540725708, "width": 10.72803020477295, "length": 2.8151330947875977, "height": 4.488051414489746}, {"track_id": 406, "object_id": "dontcare", "box_type": "cuboid", "center": {"x": -32.52107238769531, "y": 21.867631912231445, "z": 2.4461426734924316}, "angle": 2.5104174613952637, "width": 5.254815578460693, "length": 2.1724750995635986, "height": 2.029369831085205}]}