{"bounding_boxes": [{"track_id": 445, "object_id": "two-box", "box_type": "cuboid", "center": {"x": -32.952049255371094, "y": 15.65124225616455, "z": 2.3427369594573975}, "angle": -0.9212242364883423, "width": 4.656042575836182, "length": 1.7747260332107544, "height": 1.8849447965621948}, {"track_id": 446, "object_id": "cargo-mpv", "box_type": "cuboid", "center": {"x": -31.36858367919922, "y": 5.652622222900391, "z": 2.3737952709198}, "angle": -2.0825912952423096, "width": 5.376830577850342, "length": 2.1702966690063477, "height": 2.0034444332122803}, {"track_id": 571, "object_id": "dontcare", "box_type": "cuboid", "center": {"x": -29.723493576049805, "y": 19.729158401489258, "z": 2.323608160018921}, "angle": 2.611863136291504, "width": 4.171819686889648, "length": 1.8424508571624756, "height": 1.7173281908035278}]}