{"bounding_boxes": [{"track_id": 103, "object_id": "coachbus", "box_type": "cuboid", "center": {"x": -27.721210479736328, "y": 11.90830135345459, "z": 3.2031893730163574}, "angle": -2.172788381576538, "width": 11.68966293334961, "length": 2.782119035720825, "height": 3.6005043983459473}]}