{"bounding_boxes": [{"track_id": 44, "object_id": "pedestrian", "box_type": "cuboid", "center": {"x": 1.6727614402770996, "y": -8.629352569580078, "z": 2.2515664100646973}, "angle": -1.9007378816604614, "width": 0.43721437454223633, "length": 0.5790547132492065, "height": 1.5426243543624878}, {"track_id": 45, "object_id": "pedestrian", "box_type": "cuboid", "center": {"x": -0.6407194137573242, "y": -8.545050621032715, "z": 2.2668938636779785}, "angle": -1.6948535442352295, "width": 0.4983014762401581, "length": 0.6437106132507324, "height": 1.6126608848571777}, {"track_id": 46, "object_id": "publicminibus", "box_type": "cuboid", "center": {"x": 7.889157772064209, "y": -15.60340404510498, "z": 2.3150532245635986}, "angle": 0.9479554295539856, "width": 7.0871262550354, "length": 2.280656337738037, "height": 2.7169675827026367}, {"track_id": 47, "object_id": "pedestrian", "box_type": "cuboid", "center": {"x": -17.317781448364258, "y": -11.288886070251465, "z": 2.3080296516418457}, "angle": -0.42350393533706665, "width": 2.171661615371704, "length": 0.7519424557685852, "height": 1.7970685958862305}]}