{"bounding_boxes": [{"track_id": 126, "object_id": "black-mpv", "box_type": "cuboid", "center": {"x": -26.928451538085938, "y": 7.913578510284424, "z": 2.3748509883880615}, "angle": -0.9428961277008057, "width": 4.998387336730957, "length": 2.004948854446411, "height": 1.9793381690979004}]}