{"bounding_boxes": [{"track_id": 176, "object_id": "smalltruck", "box_type": "cuboid", "center": {"x": -17.774023056030273, "y": -0.5414362549781799, "z": 3.0068271160125732}, "angle": -0.4130363166332245, "width": 7.443350315093994, "length": 2.40500545501709, "height": 3.1531012058258057}]}