{"bounding_boxes": [{"track_id": 27, "object_id": "mediumtruck", "box_type": "cuboid", "center": {"x": -17.386192321777344, "y": 21.739160537719727, "z": 3.162285804748535}, "angle": -2.228820323944092, "width": 10.522854804992676, "length": 2.7532882690429688, "height": 3.5068910121917725}, {"track_id": 48, "object_id": "two-box", "box_type": "cuboid", "center": {"x": -26.681365966796875, "y": 9.45341968536377, "z": 2.0437233448028564}, "angle": -2.3241333961486816, "width": 4.209445476531982, "length": 1.7705093622207642, "height": 1.446671485900879}, {"track_id": 388, "object_id": "dontcare", "box_type": "cuboid", "center": {"x": -14.871321678161621, "y": -24.74616241455078, "z": 2.514145612716675}, "angle": -2.274261474609375, "width": 7.264822006225586, "length": 2.3942508697509766, "height": 2.7689688205718994}]}