{"bounding_boxes": [{"track_id": 405, "object_id": "dd", "box_type": "cuboid", "center": {"x": 6.683225154876709, "y": -16.95635223388672, "z": 3.2847933769226074}, "angle": 0.9811009764671326, "width": 10.72803020477295, "length": 2.8151330947875977, "height": 4.488051414489746}, {"track_id": 407, "object_id": "cargo-mpv", "box_type": "cuboid", "center": {"x": -19.707477569580078, "y": 18.866621017456055, "z": 2.400987148284912}, "angle": 3.134349822998047, "width": 5.254815578460693, "length": 2.1724750995635986, "height": 2.029369831085205}]}