{"bounding_boxes": [{"track_id": 305, "object_id": "coachbus", "box_type": "cuboid", "center": {"x": -3.1551966667175293, "y": 14.52938461303711, "z": 3.265153169631958}, "angle": 2.140000820159912, "width": 11.894145965576172, "length": 2.7470414638519287, "height": 3.575982093811035}, {"track_id": 471, "object_id": "dontcare", "box_type": "cuboid", "center": {"x": -30.099573135375977, "y": 20.187923431396484, "z": 2.2047922611236572}, "angle": 2.5866012573242188, "width": 4.777934551239014, "length": 1.869240164756775, "height": 1.6108876466751099}]}