{"bounding_boxes": [{"track_id": 7, "object_id": "pedestrian", "box_type": "cuboid", "center": {"x": 1.518049716949463, "y": -8.702679634094238, "z": 2.2439188957214355}, "angle": -1.5544801950454712, "width": 0.4434220790863037, "length": 0.5937196612358093, "height": 1.582034945487976}, {"track_id": 8, "object_id": "pedestrian", "box_type": "cuboid", "center": {"x": -0.6407194137573242, "y": -8.545050621032715, "z": 2.2668938636779785}, "angle": -1.6948535442352295, "width": 0.4983014762401581, "length": 0.6437106132507324, "height": 1.6126608848571777}, {"track_id": 9, "object_id": "cargo-mpv", "box_type": "cuboid", "center": {"x": -30.56427574157715, "y": 4.654481410980225, "z": 2.352137565612793}, "angle": -2.4573240280151367, "width": 5.154151439666748, "length": 2.020793914794922, "height": 1.9844688177108765}, {"track_id": 10, "object_id": "pedestrian", "box_type": "cuboid", "center": {"x": -8.564238548278809, "y": -12.730243682861328, "z": 2.3206958770751953}, "angle": 0.07602684199810028, "width": 2.171661615371704, "length": 0.8134540915489197, "height": 1.648339033126831}]}