{"bounding_boxes": [{"track_id": 165, "object_id": "cargo-one-box", "box_type": "cuboid", "center": {"x": -9.172228813171387, "y": -3.3775336742401123, "z": 2.410459041595459}, "angle": -0.015634020790457726, "width": 4.801638603210449, "length": 1.8183099031448364, "height": 2.030634880065918}]}