{"bounding_boxes": [{"track_id": 31, "object_id": "taxi", "box_type": "cuboid", "center": {"x": -27.887903213500977, "y": 8.906340599060059, "z": 2.1745688915252686}, "angle": -0.9388617277145386, "width": 4.526649475097656, "length": 1.7926995754241943, "height": 1.6424658298492432}, {"track_id": 60, "object_id": "pedestrian", "box_type": "cuboid", "center": {"x": -1.305864691734314, "y": -28.571422576904297, "z": 2.089459180831909}, "angle": -0.1721307337284088, "width": 0.9863809943199158, "length": 0.5727034211158752, "height": 1.8145281076431274}, {"track_id": 61, "object_id": "pedestrian", "box_type": "cuboid", "center": {"x": -0.5821930766105652, "y": -26.922433853149414, "z": 2.0378506183624268}, "angle": -0.11770836263895035, "width": 0.7799996137619019, "length": 0.4503244161605835, "height": 1.791308045387268}, {"track_id": 62, "object_id": "pedestrian", "box_type": "cuboid", "center": {"x": -0.2569464147090912, "y": -27.757328033447266, "z": 2.068704605102539}, "angle": -0.1467677354812622, "width": 0.7684435844421387, "length": 0.5503535270690918, "height": 1.8530158996582031}]}