{"bounding_boxes": [{"track_id": 6, "object_id": "privateminibus", "box_type": "cuboid", "center": {"x": 0.7460353970527649, "y": 11.201742172241211, "z": 2.773905038833618}, "angle": 2.3499932289123535, "width": 8.008390426635742, "length": 2.280583143234253, "height": 2.6494998931884766}, {"track_id": 9, "object_id": "publicminibus", "box_type": "cuboid", "center": {"x": -14.024855613708496, "y": -25.297155380249023, "z": 2.5429282188415527}, "angle": -2.2241663932800293, "width": 6.445025444030762, "length": 2.234395980834961, "height": 2.7036914825439453}]}