{"bounding_boxes": [{"track_id": 1082, "object_id": "publicminibus", "box_type": "cuboid", "center": {"x": 7.193014144897461, "y": -12.557098388671875, "z": 2.52248215675354}, "angle": -2.5189197063446045, "width": 7.028382301330566, "length": 2.2417733669281006, "height": 2.689526319503784}, {"track_id": 1083, "object_id": "taxi", "box_type": "cuboid", "center": {"x": -9.54558277130127, "y": -3.4482314586639404, "z": 2.226166248321533}, "angle": -0.009650535881519318, "width": 4.641684532165527, "length": 1.7537765502929688, "height": 1.595414638519287}]}