{"bounding_boxes": [{"track_id": 6, "object_id": "privateminibus", "box_type": "cuboid", "center": {"x": -8.35544490814209, "y": 18.170852661132812, "z": 2.750941276550293}, "angle": 2.9623847007751465, "width": 8.008390426635742, "length": 2.280583143234253, "height": 2.657705783843994}]}