{"bounding_boxes": [{"track_id": 34, "object_id": "coachbus", "box_type": "cuboid", "center": {"x": -27.655546188354492, "y": -2.5705678462982178, "z": 3.174577236175537}, "angle": -0.07050620019435883, "width": 11.55865478515625, "length": 2.680297613143921, "height": 3.516998291015625}, {"track_id": 41, "object_id": "coachbus", "box_type": "cuboid", "center": {"x": -12.085736274719238, "y": 20.835308074951172, "z": 3.256364107131958}, "angle": -2.9896347522735596, "width": 11.856878280639648, "length": 3.0623481273651123, "height": 3.5525715351104736}, {"track_id": 49, "object_id": "dontcare", "box_type": "cuboid", "center": {"x": 2.5960545539855957, "y": -4.012085914611816, "z": 2.9137215614318848}, "angle": -0.041528504341840744, "width": 6.903210163116455, "length": 2.600024938583374, "height": 3.186051368713379}]}