{"bounding_boxes": [{"track_id": 1, "object_id": "dontcare", "box_type": "cuboid", "center": {"x": -17.486143112182617, "y": -7.322154998779297, "z": 2.4136056900024414}, "angle": -0.3064850866794586, "width": 4.372095584869385, "length": 1.943130373954773, "height": 2.0003106594085693}, {"track_id": 51, "object_id": "cargo-mpv", "box_type": "cuboid", "center": {"x": 0.26015666127204895, "y": 9.651912689208984, "z": 2.46712064743042}, "angle": 2.421419382095337, "width": 5.284963607788086, "length": 2.0865986347198486, "height": 2.038503646850586}]}