{"bounding_boxes": [{"track_id": 1, "object_id": "dontcare", "box_type": "cuboid", "center": {"x": -17.477502822875977, "y": -7.327728271484375, "z": 2.4136056900024414}, "angle": -0.3064850866794586, "width": 4.372095584869385, "length": 1.9001225233078003, "height": 2.0003106594085693}, {"track_id": 7, "object_id": "cargo-one-box", "box_type": "cuboid", "center": {"x": -30.0098876953125, "y": 11.43043041229248, "z": 2.4130337238311768}, "angle": -0.9803111553192139, "width": 4.720024108886719, "length": 1.8567479848861694, "height": 2.0030925273895264}, {"track_id": 14, "object_id": "cargo-one-box", "box_type": "cuboid", "center": {"x": -4.056186676025391, "y": 13.364123344421387, "z": 2.476710081100464}, "angle": 2.2333133220672607, "width": 4.803248405456543, "length": 1.8838614225387573, "height": 2.053788900375366}, {"track_id": 21, "object_id": "black-mpv", "box_type": "cuboid", "center": {"x": -18.215335845947266, "y": -0.8602991104125977, "z": 2.3940508365631104}, "angle": -0.4029252827167511, "width": 4.2855048179626465, "length": 1.900295615196228, "height": 1.927949070930481}]}