{"bounding_boxes": [{"track_id": 76, "object_id": "dontcare", "box_type": "cuboid", "center": {"x": 2.9275455474853516, "y": 7.182470321655273, "z": 3.07143497467041}, "angle": 2.219818353652954, "width": 10.3320951461792, "length": 2.756127119064331, "height": 3.29972505569458}, {"track_id": 77, "object_id": "publicminibus", "box_type": "cuboid", "center": {"x": 2.6939330101013184, "y": -15.8497896194458, "z": 2.5310442447662354}, "angle": -2.6105728149414062, "width": 7.0255632400512695, "length": 2.181429624557495, "height": 2.751304864883423}]}