{"bounding_boxes": [{"track_id": 1, "object_id": "dontcare", "box_type": "cuboid", "center": {"x": -17.477502822875977, "y": -7.327728271484375, "z": 2.4136056900024414}, "angle": -0.3064850866794586, "width": 4.372095584869385, "length": 1.9001225233078003, "height": 2.0003106594085693}, {"track_id": 23, "object_id": "smalltruck", "box_type": "cuboid", "center": {"x": -0.7662351727485657, "y": 10.606719017028809, "z": 3.090611696243286}, "angle": 2.3185949325561523, "width": 6.744670391082764, "length": 2.5354602336883545, "height": 3.2058048248291016}]}