{"bounding_boxes": [{"track_id": 416, "object_id": "dontcare", "box_type": "cuboid", "center": {"x": 3.662799119949341, "y": 5.04846715927124, "z": 3.042724370956421}, "angle": 2.3483612537384033, "width": 6.767792224884033, "length": 2.492766857147217, "height": 3.0908472537994385}, {"track_id": 469, "object_id": "dontcare", "box_type": "cuboid", "center": {"x": -4.018659591674805, "y": 2.937732696533203, "z": 2.228984832763672}, "angle": 1.2436275482177734, "width": 4.958157062530518, "length": 1.9036142826080322, "height": 1.736430048942566}, {"track_id": 474, "object_id": "black-mpv", "box_type": "cuboid", "center": {"x": -19.59443473815918, "y": 17.322282791137695, "z": 2.4327590465545654}, "angle": -2.25777530670166, "width": 4.365278720855713, "length": 1.903945803642273, "height": 1.9885101318359375}, {"track_id": 576, "object_id": "dontcare", "box_type": "cuboid", "center": {"x": 3.5245044231414795, "y": -3.8825125694274902, "z": 2.839625597000122}, "angle": -0.15407593548297882, "width": 6.603551864624023, "length": 2.5015413761138916, "height": 3.2361297607421875}]}