{"bounding_boxes": [{"track_id": 187, "object_id": "black-two-box", "box_type": "cuboid", "center": {"x": -32.10042953491211, "y": 15.37385368347168, "z": 2.3053102493286133}, "angle": -1.0501360893249512, "width": 4.60374116897583, "length": 1.8915170431137085, "height": 1.835974097251892}, {"track_id": 197, "object_id": "dd", "box_type": "cuboid", "center": {"x": 13.248173713684082, "y": -8.574641227722168, "z": 3.1558940410614014}, "angle": 0.5319142937660217, "width": 11.462058067321777, "length": 2.9493021965026855, "height": 4.640557765960693}, {"track_id": 250, "object_id": "dontcare", "box_type": "cuboid", "center": {"x": 1.0854090452194214, "y": -4.869266986846924, "z": 2.3301877975463867}, "angle": -0.06587807089090347, "width": 4.61426305770874, "length": 1.7672255039215088, "height": 2.026972770690918}]}