{"bounding_boxes": [{"track_id": 26, "object_id": "crane-truck", "box_type": "cuboid", "center": {"x": -7.908789157867432, "y": 17.124509811401367, "z": 3.2822442054748535}, "angle": 2.779167413711548, "width": 9.664684295654297, "length": 2.750034809112549, "height": 3.618542194366455}]}