{"bounding_boxes": [{"track_id": 38, "object_id": "mediumtruck", "box_type": "cuboid", "center": {"x": -12.273577690124512, "y": -3.76670503616333, "z": 3.200456380844116}, "angle": -0.045678187161684036, "width": 8.747626304626465, "length": 2.734999895095825, "height": 3.50819730758667}]}