{"bounding_boxes": [{"track_id": 1, "object_id": "dontcare", "box_type": "cuboid", "center": {"x": -17.477502822875977, "y": -7.327728271484375, "z": 2.4136056900024414}, "angle": -0.3064850866794586, "width": 4.372095584869385, "length": 1.9001225233078003, "height": 2.0003106594085693}, {"track_id": 6, "object_id": "cargo-one-box", "box_type": "cuboid", "center": {"x": -7.695300102233887, "y": -0.7699338793754578, "z": 2.458606004714966}, "angle": 0.6548540592193604, "width": 4.638813018798828, "length": 1.8567479848861694, "height": 2.0398290157318115}, {"track_id": 22, "object_id": "dontcare", "box_type": "cuboid", "center": {"x": -35.723716735839844, "y": 20.158790588378906, "z": 2.378060817718506}, "angle": -1.0081473588943481, "width": 4.2855048179626465, "length": 1.900295615196228, "height": 1.927949070930481}]}