{"bounding_boxes": [{"track_id": 61, "object_id": "crane-truck", "box_type": "cuboid", "center": {"x": -22.390913009643555, "y": 11.298596382141113, "z": 3.418950080871582}, "angle": -1.780381441116333, "width": 12.559383392333984, "length": 2.755774974822998, "height": 4.072938442230225}, {"track_id": 65, "object_id": "dontcare", "box_type": "cuboid", "center": {"x": 2.8490638732910156, "y": -28.853595733642578, "z": 2.5621421337127686}, "angle": 1.40903902053833, "width": 7.172913551330566, "length": 2.237473487854004, "height": 2.7120203971862793}]}