{"bounding_boxes": [{"track_id": 18, "object_id": "motorbike", "box_type": "cuboid", "center": {"x": -14.020341873168945, "y": -2.5341906547546387, "z": 2.3174760341644287}, "angle": -0.063774973154068, "width": 2.1466305255889893, "length": 0.9859830737113953, "height": 1.7268004417419434}, {"track_id": 38, "object_id": "flatbed-truck", "box_type": "cuboid", "center": {"x": -15.077302932739258, "y": 25.91745948791504, "z": 2.2980384826660156}, "angle": -2.203556776046753, "width": 5.196478843688965, "length": 1.9342281818389893, "height": 1.7279623746871948}]}