{"bounding_boxes": [{"track_id": 21, "object_id": "dontcare", "box_type": "cuboid", "center": {"x": 4.777636528015137, "y": -3.656520128250122, "z": 3.0031068325042725}, "angle": -0.016888821497559547, "width": 10.098484992980957, "length": 2.611097574234009, "height": 3.336268663406372}, {"track_id": 543, "object_id": "dd", "box_type": "cuboid", "center": {"x": 4.622254371643066, "y": -14.037379264831543, "z": 3.3971056938171387}, "angle": -2.475705623626709, "width": 11.243127822875977, "length": 2.944695234298706, "height": 4.625883102416992}]}