{"bounding_boxes": [{"track_id": 60, "object_id": "construction-vehicle", "box_type": "cuboid", "center": {"x": -17.706867218017578, "y": -1.6223821640014648, "z": 3.0369956493377686}, "angle": -0.34132179617881775, "width": 9.517534255981445, "length": 2.687246084213257, "height": 3.2516896724700928}]}