{"bounding_boxes": [{"track_id": 80, "object_id": "dd", "box_type": "cuboid", "center": {"x": 1.475063443183899, "y": -16.352252960205078, "z": 3.4919238090515137}, "angle": -2.7302024364471436, "width": 10.908365249633789, "length": 2.936223268508911, "height": 4.448705196380615}, {"track_id": 86, "object_id": "cargo-one-box", "box_type": "cuboid", "center": {"x": -8.221744537353516, "y": 16.47953987121582, "z": 2.492504835128784}, "angle": 2.6364409923553467, "width": 4.671178340911865, "length": 1.7277833223342896, "height": 2.0485241413116455}, {"track_id": 92, "object_id": "dontcare", "box_type": "cuboid", "center": {"x": -24.174373626708984, "y": 19.587202072143555, "z": 2.4054622650146484}, "angle": 2.99245023727417, "width": 4.3369140625, "length": 1.794349193572998, "height": 1.9232536554336548}]}