{"bounding_boxes": [{"track_id": 63, "object_id": "dd", "box_type": "cuboid", "center": {"x": 11.534799575805664, "y": -9.528207778930664, "z": 3.190423011779785}, "angle": -2.429109573364258, "width": 11.41870403289795, "length": 3.1125855445861816, "height": 4.381187915802002}, {"track_id": 67, "object_id": "dontcare", "box_type": "cuboid", "center": {"x": -36.10658645629883, "y": 0.5692039728164673, "z": 3.1861279010772705}, "angle": -2.535106658935547, "width": 11.81423282623291, "length": 2.9954833984375, "height": 3.577014684677124}]}