{"bounding_boxes": [{"track_id": 18, "object_id": "motorbike", "box_type": "cuboid", "center": {"x": -25.143896102905273, "y": 4.250319480895996, "z": 2.3174760341644287}, "angle": -0.8962752223014832, "width": 2.1466305255889893, "length": 0.9299314618110657, "height": 1.7268004417419434}, {"track_id": 40, "object_id": "dontcare", "box_type": "cuboid", "center": {"x": -15.305007934570312, "y": 38.138084411621094, "z": 2.8871262073516846}, "angle": -1.1865805387496948, "width": 5.196478843688965, "length": 1.9342281818389893, "height": 1.7279623746871948}]}