{"bounding_boxes": [{"track_id": 3, "object_id": "two-box", "box_type": "cuboid", "center": {"x": -21.371971130371094, "y": -3.192368745803833, "z": 2.2735800743103027}, "angle": -0.12315981090068817, "width": 4.540060997009277, "length": 1.9698150157928467, "height": 1.7267404794692993}, {"track_id": 6, "object_id": "black-one-box", "box_type": "cuboid", "center": {"x": -19.97170066833496, "y": 19.03822898864746, "z": 2.353214979171753}, "angle": -3.1056153774261475, "width": 4.516319274902344, "length": 1.917733907699585, "height": 1.9094346761703491}]}