{"bounding_boxes": [{"track_id": 74, "object_id": "two-box", "box_type": "cuboid", "center": {"x": -14.172432899475098, "y": -4.0546674728393555, "z": 2.169475555419922}, "angle": -0.22383397817611694, "width": 4.130798816680908, "length": 1.750038743019104, "height": 1.4794601202011108}, {"track_id": 79, "object_id": "black-two-box", "box_type": "cuboid", "center": {"x": -13.895057678222656, "y": 26.446317672729492, "z": 2.2172584533691406}, "angle": -2.1000473499298096, "width": 4.202938079833984, "length": 1.75, "height": 1.5800000429153442}]}