{"bounding_boxes": [{"track_id": 81, "object_id": "flatbed-truck", "box_type": "cuboid", "center": {"x": -33.17748260498047, "y": 3.1677284240722656, "z": 2.2265686988830566}, "angle": -2.2869179248809814, "width": 5.316040992736816, "length": 1.9750890731811523, "height": 1.8046830892562866}]}