{"bounding_boxes": [{"track_id": 5, "object_id": "cargo-one-box", "box_type": "cuboid", "center": {"x": -15.255030632019043, "y": 18.443986892700195, "z": 2.409181594848633}, "angle": 3.1019418239593506, "width": 4.760992050170898, "length": 1.8149911165237427, "height": 1.9949690103530884}, {"track_id": 6, "object_id": "mediumtruck", "box_type": "cuboid", "center": {"x": -1.3751282691955566, "y": -3.503485679626465, "z": 3.1945478916168213}, "angle": -0.010287236422300339, "width": 10.816516876220703, "length": 2.7658133506774902, "height": 3.499589204788208}]}