{"bounding_boxes": [{"track_id": 870, "object_id": "bigtruck", "box_type": "cuboid", "center": {"x": 0.8359448313713074, "y": -3.558082342147827, "z": 3.6149206161499023}, "angle": -0.04971425607800484, "width": 11.022433280944824, "length": 2.8046863079071045, "height": 4.325779438018799}, {"track_id": 1011, "object_id": "dontcare", "box_type": "cuboid", "center": {"x": 1.9547030925750732, "y": 7.262874126434326, "z": 2.4761455059051514}, "angle": 2.3618760108947754, "width": 4.6764817237854, "length": 1.9019200801849365, "height": 1.992026686668396}]}