{"bounding_boxes": [{"track_id": 25, "object_id": "taxi", "box_type": "cuboid", "center": {"x": -4.155912399291992, "y": -2.9913253784179688, "z": 2.2411253452301025}, "angle": -0.007201100699603558, "width": 4.553128242492676, "length": 1.6956533193588257, "height": 1.6232713460922241}]}