{"bounding_boxes": [{"track_id": 240, "object_id": "coachbus", "box_type": "cuboid", "center": {"x": -1.902910828590393, "y": -3.7008140087127686, "z": 3.2255866527557373}, "angle": -0.029046349227428436, "width": 11.497944831848145, "length": 2.851771831512451, "height": 3.523322343826294}, {"track_id": 244, "object_id": "dontcare", "box_type": "cuboid", "center": {"x": -36.943328857421875, "y": 0.4522227644920349, "z": 2.3443751335144043}, "angle": -2.487577199935913, "width": 4.698276519775391, "length": 1.8182090520858765, "height": 1.9892150163650513}]}