{"bounding_boxes": [{"track_id": 241, "object_id": "publicminibus", "box_type": "cuboid", "center": {"x": -0.4273168742656708, "y": -18.000080108642578, "z": 2.6628384590148926}, "angle": -2.6366379261016846, "width": 6.405712604522705, "length": 2.247734785079956, "height": 2.7082619667053223}, {"track_id": 242, "object_id": "black-mpv", "box_type": "cuboid", "center": {"x": -28.04439353942871, "y": 9.456436157226562, "z": 2.324220657348633}, "angle": -0.9391553997993469, "width": 4.9184489250183105, "length": 2.0041260719299316, "height": 1.875484824180603}, {"track_id": 246, "object_id": "privateminibus", "box_type": "cuboid", "center": {"x": -1.562771201133728, "y": -3.524017333984375, "z": 2.80759859085083}, "angle": 0.021404193714261055, "width": 7.635654926300049, "length": 2.0925474166870117, "height": 2.7590272426605225}]}