{"bounding_boxes": [{"track_id": 445, "object_id": "two-box", "box_type": "cuboid", "center": {"x": -15.030441284179688, "y": -2.0886499881744385, "z": 2.3584206104278564}, "angle": -0.24141450226306915, "width": 4.656042575836182, "length": 1.7747260332107544, "height": 1.8849447965621948}, {"track_id": 569, "object_id": "mpv", "box_type": "cuboid", "center": {"x": -35.977359771728516, "y": 0.41413599252700806, "z": 2.3737952709198}, "angle": -2.6047465801239014, "width": 5.376830577850342, "length": 2.1702966690063477, "height": 2.0034444332122803}, {"track_id": 571, "object_id": "dontcare", "box_type": "cuboid", "center": {"x": -35.0607795715332, "y": 24.387405395507812, "z": 2.323608160018921}, "angle": 2.197904586791992, "width": 4.171819686889648, "length": 1.8424508571624756, "height": 1.7173281908035278}]}