{"bounding_boxes": [{"track_id": 73, "object_id": "cargo-mpv", "box_type": "cuboid", "center": {"x": -10.414351463317871, "y": 17.919034957885742, "z": 2.418832302093506}, "angle": 2.9260990619659424, "width": 4.971375465393066, "length": 2.0448813438415527, "height": 1.9203357696533203}]}