{"bounding_boxes": [{"track_id": 6, "object_id": "publicminibus", "box_type": "cuboid", "center": {"x": 12.229049682617188, "y": -10.784918785095215, "z": 2.138841390609741}, "angle": 0.6884291768074036, "width": 6.384382724761963, "length": 2.1348206996917725, "height": 2.6515958309173584}]}