{"bounding_boxes": [{"track_id": 6, "object_id": "mediumtruck", "box_type": "cuboid", "center": {"x": -15.771051406860352, "y": -3.4354007244110107, "z": 3.2118287086486816}, "angle": -0.014460579492151737, "width": 10.701651573181152, "length": 2.7658133506774902, "height": 3.499589204788208}, {"track_id": 30, "object_id": "one-box", "box_type": "cuboid", "center": {"x": -2.0206615924835205, "y": 9.591850280761719, "z": 2.468275785446167}, "angle": 1.9306201934814453, "width": 4.760992050170898, "length": 1.8149911165237427, "height": 1.9949690103530884}]}