{"bounding_boxes": [{"track_id": 24, "object_id": "dd", "box_type": "cuboid", "center": {"x": 11.463478088378906, "y": -9.849055290222168, "z": 3.2665717601776123}, "angle": 0.646961510181427, "width": 11.630912780761719, "length": 3.0169498920440674, "height": 4.531627655029297}]}