{"bounding_boxes": [{"track_id": 326, "object_id": "crane-truck", "box_type": "cuboid", "center": {"x": -1.944174885749817, "y": -3.7191383838653564, "z": 3.153824806213379}, "angle": -0.039635952562093735, "width": 11.921953201293945, "length": 2.6797211170196533, "height": 3.2879579067230225}]}