{"bounding_boxes": [{"track_id": 444, "object_id": "smalltruck", "box_type": "cuboid", "center": {"x": -1.7706681489944458, "y": -3.4063496589660645, "z": 2.949031352996826}, "angle": 0.03772932291030884, "width": 6.848142147064209, "length": 2.4407970905303955, "height": 3.0849945545196533}]}