{"bounding_boxes": [{"track_id": 190, "object_id": "publicminibus", "box_type": "cuboid", "center": {"x": 2.6470744609832764, "y": -15.160608291625977, "z": 2.6235759258270264}, "angle": -2.5634822845458984, "width": 6.364621162414551, "length": 2.128580093383789, "height": 2.7518997192382812}]}