{
  "bounding_boxes": [
    {
      "track_id": 5,
      "object_id": "cargo-one-box",
      "box_type": "cuboid",
      "center": {
        "x": -10.211136817932129,
        "y": 17.62468719482422,
        "z": 2.409181594848633
      },
      "angle": 2.928229331970215,
      "width": 4.760992050170898,
      "length": 1.8149911165237427,
      "height": 1.9949690103530884
    },
    {
      "track_id": 6,
      "object_id": "mediumtruck",
      "box_type": "cuboid",
      "center": {
        "x": -4.860671043395996,
        "y": -3.5327367782592773,
        "z": 3.2329134941101074
      },
      "angle": 0.00839188415557146,
      
      "width": 10.816516876220703,
      "length": 2.7658133506774902,
      "height": 3.499589204788208
    }
  ]
}
