{
  "bounding_boxes": [
    {
      "track_id": 65,
      "object_id": "taxi",
      "box_type": "cuboid",
      "center": {
        "x": -22.156999588012695,
        "y": 3.694404363632202,
        "z": 2.2231857776641846
      },
      "angle": -1.0793633460998535,
      "width": 4.616189956665039,
      "length": 1.8056161403656006,
      "height": 1.6139365434646606
    },
    {
      "track_id": 73,
      "object_id": "dontcare",
      "box_type": "cuboid",
      "center": {
        "x": 2.8711228370666504,
        "y": -3.4120101928710938,
        "z": 3.0169789791107178
      },
      "angle": -0.052448056638240814,
      "width": 7.823275089263916,
      "length": 2.478386163711548,
      "height": 3.2641146183013916
    },
    {
      "track_id": 77,
      "object_id": "dontcare",
      "box_type": "cuboid",
      "center": {
        "x": 14.514131546020508,
        "y": -4.048468589782715,
        "z": 2.6880850791931152
      },
      "angle": -0.037641823291778564,
      "width": 11.697456359863281,
      "length": 2.7843949794769287,
      "height": 3.52825665473938
    }
  ]
}
