{"bounding_boxes": [{"track_id": 19, "object_id": "mpv", "box_type": "cuboid", "center": {"x": -14.01560115814209, "y": -2.700505018234253, "z": 2.399616003036499}, "angle": 0.04053039476275444, "width": 4.751667022705078, "length": 1.9027165174484253, "height": 1.9592669010162354}, {"track_id": 24, "object_id": "dontcare", "box_type": "cuboid", "center": {"x": -0.5857999920845032, "y": 9.095866203308105, "z": 2.352616786956787}, "angle": 2.3283469676971436, "width": 4.299243927001953, "length": 1.8249088525772095, "height": 1.9144994020462036}, {"track_id": 25, "object_id": "dontcare", "box_type": "cuboid", "center": {"x": -30.062976837158203, "y": -30.990602493286133, "z": 3.127577781677246}, "angle": -1.6765849590301514, "width": 10.32889461517334, "length": 2.738258123397827, "height": 4.410259246826172}]}