{"bounding_boxes": [{"track_id": 186, "object_id": "publicminibus", "box_type": "cuboid", "center": {"x": 3.3862504959106445, "y": -26.12010383605957, "z": 2.5474884510040283}, "angle": 1.2618122100830078, "width": 6.459871292114258, "length": 2.19490385055542, "height": 2.7806828022003174}, {"track_id": 188, "object_id": "two-box", "box_type": "cuboid", "center": {"x": -4.245214939117432, "y": 15.247832298278809, "z": 2.210136651992798}, "angle": 2.4991750717163086, "width": 3.7738192081451416, "length": 1.745902180671692, "height": 1.5633888244628906}, {"track_id": 190, "object_id": "publicminibus", "box_type": "cuboid", "center": {"x": -9.556862831115723, "y": -21.774703979492188, "z": 2.6008524894714355}, "angle": -2.5243747234344482, "width": 6.364621162414551, "length": 2.128580093383789, "height": 2.6669020652770996}]}