{"bounding_boxes": [{"track_id": 78, "object_id": "two-box", "box_type": "cuboid", "center": {"x": -13.133818626403809, "y": -3.1499056816101074, "z": 2.214670419692993}, "angle": -0.01246798224747181, "width": 4.482387542724609, "length": 1.8263517618179321, "height": 1.6178985834121704}]}