{"bounding_boxes": [{"track_id": 186, "object_id": "publicminibus", "box_type": "cuboid", "center": {"x": 13.093647956848145, "y": -10.250957489013672, "z": 2.019365072250366}, "angle": 0.6472824215888977, "width": 6.459871292114258, "length": 2.1865622997283936, "height": 2.7806828022003174}, {"track_id": 188, "object_id": "two-box", "box_type": "cuboid", "center": {"x": -17.037891387939453, "y": 19.527145385742188, "z": 2.1590418815612793}, "angle": -3.0256359577178955, "width": 3.7738192081451416, "length": 1.745902180671692, "height": 1.5633888244628906}, {"track_id": 297, "object_id": "dontcare", "box_type": "cuboid", "center": {"x": -16.435678482055664, "y": -29.12643051147461, "z": 2.51597261428833}, "angle": -1.9540393352508545, "width": 6.364621162414551, "length": 2.128580093383789, "height": 2.6669020652770996}]}