{"bounding_boxes": [{"track_id": 188, "object_id": "two-box", "box_type": "cuboid", "center": {"x": -1.1614590883255005, "y": 12.36881160736084, "z": 2.210136651992798}, "angle": 2.378162384033203, "width": 3.7738192081451416, "length": 1.745902180671692, "height": 1.5633888244628906}, {"track_id": 190, "object_id": "publicminibus", "box_type": "cuboid", "center": {"x": -6.304784774780273, "y": -19.94147300720215, "z": 2.6376068592071533}, "angle": -2.627230167388916, "width": 6.364621162414551, "length": 2.128580093383789, "height": 2.6669020652770996}, {"track_id": 296, "object_id": "dontcare", "box_type": "cuboid", "center": {"x": 2.032212257385254, "y": -32.68649673461914, "z": 2.6216483116149902}, "angle": 1.4080382585525513, "width": 6.459871292114258, "length": 2.19490385055542, "height": 2.7806828022003174}]}