{"bounding_boxes": [{"track_id": 67, "object_id": "black-mpv", "box_type": "cuboid", "center": {"x": -15.214670181274414, "y": 17.54785919189453, "z": 2.373551607131958}, "angle": -2.7455105781555176, "width": 5.153275966644287, "length": 2.043017864227295, "height": 1.8997780084609985}, {"track_id": 70, "object_id": "dontcare", "box_type": "cuboid", "center": {"x": -30.500442504882812, "y": 21.129520416259766, "z": 2.2842624187469482}, "angle": 2.4937195777893066, "width": 4.437616348266602, "length": 1.7997760772705078, "height": 1.764975905418396}, {"track_id": 72, "object_id": "smalltruck", "box_type": "cuboid", "center": {"x": -2.9858899116516113, "y": -3.4133338928222656, "z": 3.0777149200439453}, "angle": 0.027095932513475418, "width": 7.823275089263916, "length": 2.478386163711548, "height": 3.2641146183013916}, {"track_id": 77, "object_id": "dontcare", "box_type": "cuboid", "center": {"x": 12.343091011047363, "y": -3.966707706451416, "z": 2.830677032470703}, "angle": -0.037641823291778564, "width": 11.697456359863281, "length": 2.7843949794769287, "height": 3.52825665473938}]}