{"bounding_boxes": [{"track_id": 186, "object_id": "publicminibus", "box_type": "cuboid", "center": {"x": 9.023826599121094, "y": -14.613651275634766, "z": 2.2478556632995605}, "angle": 0.9005879163742065, "width": 6.459871292114258, "length": 2.1865622997283936, "height": 2.7806828022003174}, {"track_id": 188, "object_id": "two-box", "box_type": "cuboid", "center": {"x": -12.447321891784668, "y": 19.294363021850586, "z": 2.210136651992798}, "angle": 3.029952049255371, "width": 3.7738192081451416, "length": 1.745902180671692, "height": 1.5633888244628906}, {"track_id": 297, "object_id": "dontcare", "box_type": "cuboid", "center": {"x": -15.012941360473633, "y": -26.78338050842285, "z": 2.551948308944702}, "angle": -2.09049129486084, "width": 6.364621162414551, "length": 2.128580093383789, "height": 2.6669020652770996}]}