{"bounding_boxes": [{"track_id": 1, "object_id": "coachbus", "box_type": "cuboid", "center": {"x": -6.54762077331543, "y": -3.534952402114868, "z": 3.1757612228393555}, "angle": -0.03226041421294212, "width": 11.432610511779785, "length": 2.610215425491333, "height": 3.5273776054382324}, {"track_id": 3, "object_id": "pedestrian", "box_type": "cuboid", "center": {"x": 2.787773370742798, "y": -29.00737190246582, "z": 1.9426642656326294}, "angle": -0.08905629813671112, "width": 0.7762681841850281, "length": 0.8800172805786133, "height": 1.6100014448165894}]}