{"bounding_boxes": [{"track_id": 15, "object_id": "dontcare", "box_type": "cuboid", "center": {"x": -40.72748565673828, "y": -5.321216583251953, "z": 3.1959495544433594}, "angle": 0.2828017771244049, "width": 11.311441421508789, "length": 2.765101909637451, "height": 3.574768543243408}, {"track_id": 16, "object_id": "coachbus", "box_type": "cuboid", "center": {"x": -3.118844985961914, "y": -3.05184006690979, "z": 3.144432306289673}, "angle": -0.05822516977787018, "width": 11.27433967590332, "length": 2.521876335144043, "height": 3.554678201675415}]}