{"bounding_boxes": [{"track_id": 2, "object_id": "smalltruck", "box_type": "cuboid", "center": {"x": -7.56355619430542, "y": -3.1071879863739014, "z": 2.968240737915039}, "angle": -0.004512173123657703, "width": 6.697258949279785, "length": 2.433519124984741, "height": 3.0568721294403076}, {"track_id": 5, "object_id": "cargo-one-box", "box_type": "cuboid", "center": {"x": -32.49021530151367, "y": 5.025943756103516, "z": 2.330277442932129}, "angle": -2.1449618339538574, "width": 4.709375858306885, "length": 1.9757812023162842, "height": 2.026167154312134}]}