{"bounding_boxes": [{"track_id": 5, "object_id": "cargo-one-box", "box_type": "cuboid", "center": {"x": -25.769014358520508, "y": 19.280996322631836, "z": 2.443638801574707}, "angle": 2.903089761734009, "width": 4.760992050170898, "length": 1.8149911165237427, "height": 1.9949690103530884}, {"track_id": 28, "object_id": "dontcare", "box_type": "cuboid", "center": {"x": 3.0355477333068848, "y": -3.5875866413116455, "z": 3.121812582015991}, "angle": -0.06438525766134262, "width": 10.701651573181152, "length": 2.7658133506774902, "height": 3.499589204788208}]}