{"bounding_boxes": [{"track_id": 16, "object_id": "coachbus", "box_type": "cuboid", "center": {"x": -7.963147163391113, "y": -2.8530914783477783, "z": 3.144432306289673}, "angle": -0.051701996475458145, "width": 11.27433967590332, "length": 2.521876335144043, "height": 3.554678201675415}]}