{"bounding_boxes": [{"track_id": 64, "object_id": "black-two-box", "box_type": "cuboid", "center": {"x": -2.41448712348938, "y": 8.577812194824219, "z": 2.2779622077941895}, "angle": 1.413399338722229, "width": 4.5736308097839355, "length": 2.0097246170043945, "height": 1.7401059865951538}, {"track_id": 66, "object_id": "black-three-box", "box_type": "cuboid", "center": {"x": -13.903353691101074, "y": -3.473717451095581, "z": 2.153156280517578}, "angle": 0.02719317190349102, "width": 4.9675493240356445, "length": 2.0757267475128174, "height": 1.531071662902832}]}