{"bounding_boxes": [{"track_id": 8, "object_id": "cargo-mpv", "box_type": "cuboid", "center": {"x": -8.41606616973877, "y": -2.909595489501953, "z": 2.3774547576904297}, "angle": 0.06411410123109818, "width": 5.07432222366333, "length": 1.7930278778076172, "height": 1.9932807683944702}, {"track_id": 10, "object_id": "dd", "box_type": "cuboid", "center": {"x": 11.523838996887207, "y": -10.33620834350586, "z": 3.121995210647583}, "angle": 0.6160231232643127, "width": 10.750791549682617, "length": 2.7896924018859863, "height": 4.539809703826904}]}