{"bounding_boxes": [{"track_id": 190, "object_id": "publicminibus", "box_type": "cuboid", "center": {"x": -0.05374882370233536, "y": -16.75918197631836, "z": 2.6736743450164795}, "angle": -2.6333301067352295, "width": 6.364621162414551, "length": 2.128580093383789, "height": 2.7518997192382812}, {"track_id": 294, "object_id": "dontcare", "box_type": "cuboid", "center": {"x": 2.360344648361206, "y": 8.970766067504883, "z": 2.210136651992798}, "angle": 2.3878250122070312, "width": 3.7738192081451416, "length": 1.745902180671692, "height": 1.5633888244628906}]}