{"bounding_boxes": [{"track_id": 190, "object_id": "publicminibus", "box_type": "cuboid", "center": {"x": -3.140594244003296, "y": -18.326061248779297, "z": 2.687592029571533}, "angle": -2.671884298324585, "width": 6.364621162414551, "length": 2.128580093383789, "height": 2.6669020652770996}, {"track_id": 294, "object_id": "dontcare", "box_type": "cuboid", "center": {"x": 0.9644666910171509, "y": 10.28101921081543, "z": 2.210136651992798}, "angle": 2.3788676261901855, "width": 3.7738192081451416, "length": 1.745902180671692, "height": 1.5633888244628906}]}