{"bounding_boxes": [{"track_id": 12, "object_id": "motorbike", "box_type": "cuboid", "center": {"x": -5.844831466674805, "y": -2.48769211769104, "z": 2.256655693054199}, "angle": 0.1798250526189804, "width": 1.8600000143051147, "length": 0.784458339214325, "height": 1.6159647703170776}]}