{"bounding_boxes": [{"track_id": 188, "object_id": "two-box", "box_type": "cuboid", "center": {"x": -21.193832397460938, "y": 18.99251937866211, "z": 2.1590418815612793}, "angle": -3.0558714866638184, "width": 3.7738192081451416, "length": 1.745902180671692, "height": 1.5633888244628906}, {"track_id": 295, "object_id": "dontcare", "box_type": "cuboid", "center": {"x": 18.455385208129883, "y": -7.43875789642334, "z": 1.7455909252166748}, "angle": 0.3121347427368164, "width": 6.459871292114258, "length": 2.1865622997283936, "height": 2.7806828022003174}, {"track_id": 297, "object_id": "dontcare", "box_type": "cuboid", "center": {"x": -16.955955505371094, "y": -30.75394630432129, "z": 2.51597261428833}, "angle": -1.9140405654907227, "width": 6.364621162414551, "length": 2.128580093383789, "height": 2.6669020652770996}]}