{"bounding_boxes": [{"track_id": 8, "object_id": "cargo-mpv", "box_type": "cuboid", "center": {"x": -21.936613082885742, "y": -3.2841198444366455, "z": 2.3774547576904297}, "angle": 0.011421645991504192, "width": 5.0508341789245605, "length": 1.7930278778076172, "height": 1.9932807683944702}, {"track_id": 10, "object_id": "dd", "box_type": "cuboid", "center": {"x": 6.041109085083008, "y": -17.84674644470215, "z": 3.219273090362549}, "angle": 1.0572259426116943, "width": 10.446452140808105, "length": 2.7896924018859863, "height": 4.539809703826904}, {"track_id": 14, "object_id": "dontcare", "box_type": "cuboid", "center": {"x": 21.284934997558594, "y": -4.527938365936279, "z": 3.1417229175567627}, "angle": -0.024094413965940475, "width": 11.66174602508545, "length": 2.8392741680145264, "height": 3.574768543243408}]}