{"bounding_boxes": [{"track_id": 186, "object_id": "publicminibus", "box_type": "cuboid", "center": {"x": 5.7118353843688965, "y": -20.009206771850586, "z": 2.420989751815796}, "angle": 1.0912448167800903, "width": 6.459871292114258, "length": 2.19490385055542, "height": 2.7806828022003174}, {"track_id": 188, "object_id": "two-box", "box_type": "cuboid", "center": {"x": -8.019700050354004, "y": 17.820045471191406, "z": 2.210136651992798}, "angle": 2.76340651512146, "width": 3.7738192081451416, "length": 1.745902180671692, "height": 1.5633888244628906}, {"track_id": 190, "object_id": "publicminibus", "box_type": "cuboid", "center": {"x": -12.556896209716797, "y": -24.182296752929688, "z": 2.551948308944702}, "angle": -2.3092198371887207, "width": 6.364621162414551, "length": 2.128580093383789, "height": 2.6669020652770996}]}