{"bounding_boxes": [{"track_id": 188, "object_id": "two-box", "box_type": "cuboid", "center": {"x": -25.05530548095703, "y": 18.72609519958496, "z": 2.1590418815612793}, "angle": 2.988123655319214, "width": 3.7738192081451416, "length": 1.745902180671692, "height": 1.5633888244628906}]}