{
  "bounding_boxes": [
    {
      "track_id": 1,
      "object_id": "taxi",
      "box_type": "cuboid",
      "center": {
        "x": -19.05478858947754,
        "y": -0.707247793674469,
        "z": 2.228182077407837
      },
      "angle": -0.632878839969635,
      "width": 4.407077789306641,
      "length": 1.7039523124694824,
      "height": 1.6661126613616943
    },
    {
      "track_id": 3,
      "object_id": "dontcare",
      "box_type": "cuboid",
      "center": {
        "x": 4.879124641418457,
        "y": -3.4746592044830322,
        "z": 2.9162800312042236
      },
      "angle": -0.06838160753250122,
      "width": 6.697258949279785,
      "length": 2.433519124984741,
      "height": 3.0568721294403076
    }
  ]
}
