{"bounding_boxes": [{"track_id": 32, "object_id": "crane-truck", "box_type": "cuboid", "center": {"x": -10.664224624633789, "y": -4.533820629119873, "z": 3.181246519088745}, "angle": -0.08489306271076202, "width": 10.105082511901855, "length": 2.683206796646118, "height": 3.5398190021514893}]}