{"bounding_boxes": [{"track_id": 32, "object_id": "crane-truck", "box_type": "cuboid", "center": {"x": -0.8904747366905212, "y": -5.075281620025635, "z": 3.203510046005249}, "angle": -0.03267592564225197, "width": 10.105082511901855, "length": 2.683206796646118, "height": 3.5398190021514893}]}