{"bounding_boxes": [{"track_id": 105, "object_id": "taxi", "box_type": "cuboid", "center": {"x": -19.28120994567871, "y": -2.990070343017578, "z": 2.365219831466675}, "angle": -0.19113658368587494, "width": 4.372836589813232, "length": 1.7329975366592407, "height": 1.8771553039550781}]}