{"bounding_boxes": [{"track_id": 105, "object_id": "taxi", "box_type": "cuboid", "center": {"x": -21.663455963134766, "y": -2.2734992504119873, "z": 2.3115456104278564}, "angle": -0.3435235321521759, "width": 4.372836589813232, "length": 1.7329975366592407, "height": 1.8771553039550781}]}