{"bounding_boxes": [{"track_id": 5, "object_id": "cargo-one-box", "box_type": "cuboid", "center": {"x": -20.53083038330078, "y": 18.65328598022461, "z": 2.409181594848633}, "angle": 3.065615177154541, "width": 4.760992050170898, "length": 1.8149911165237427, "height": 1.9949690103530884}, {"track_id": 28, "object_id": "dontcare", "box_type": "cuboid", "center": {"x": 1.2566426992416382, "y": -3.6798555850982666, "z": 3.1714136600494385}, "angle": -0.033997368067502975, "width": 10.816516876220703, "length": 2.7658133506774902, "height": 3.499589204788208}]}